cluster,subcluster,word,frequency
cluster_0,main,the,43019
cluster_0,main,to,20434
cluster_0,main,and,15819
cluster_0,main,of,16752
cluster_0,main,in,14395
cluster_0,main,said,6235
cluster_0,main,is,7292
cluster_0,main,for,7254
cluster_0,main,it,6826
cluster_0,main,on,5950
cluster_0,main,that,7225
cluster_0,main,was,5096
cluster_0,main,has,3688
cluster_0,main,with,4433
cluster_0,main,he,5031
cluster_0,main,will,3560
cluster_0,main,at,3595
cluster_0,main,as,4253
cluster_0,main,be,4896
cluster_0,main,by,3671
cluster_0,main,from,2856
cluster_0,main,its,1863
cluster_0,main,mr,2606
cluster_0,main,have,3936
cluster_0,main,she,948
cluster_0,main,his,2277
cluster_0,main,are,3750
cluster_0,main,not,3134
cluster_0,main,which,2252
cluster_0,main,but,3646
cluster_0,main,we,2677
cluster_0,main,also,1866
cluster_0,main,who,1762
cluster_0,main,had,2174
cluster_0,main,been,1990
cluster_0,main,an,2287
cluster_0,main,this,2500
cluster_0,main,they,2655
cluster_0,main,would,2220
cluster_0,main,company,599
cluster_0,main,were,1902
cluster_0,main,her,606
cluster_0,main,year,1506
cluster_0,main,after,1184
cluster_0,main,one,1482
cluster_0,main,their,1986
cluster_0,main,or,1441
cluster_0,main,new,1559
cluster_0,main,last,1095
cluster_0,main,us,1460
cluster_0,subcluster_0,the,43019
cluster_0,subcluster_0,easterby,23
cluster_0,subcluster_0,to,20434
cluster_0,subcluster_0,we,2677
cluster_0,subcluster_0,skilful,2
cluster_0,subcluster_0,it,6826
cluster_0,subcluster_0,enough,199
cluster_0,subcluster_0,connor,2
cluster_0,subcluster_0,humphreys,20
cluster_0,subcluster_0,of,16752
cluster_0,subcluster_0,does,335
cluster_0,subcluster_0,munster,16
cluster_0,subcluster_0,kathy,4
cluster_0,subcluster_0,matters,28
cluster_0,subcluster_0,they,2655
cluster_0,subcluster_0,other,982
cluster_0,subcluster_0,and,15819
cluster_0,subcluster_0,scot,6
cluster_0,subcluster_0,butler,19
cluster_0,subcluster_0,duran,8
cluster_0,subcluster_0,discuss,45
cluster_0,subcluster_0,ulster,29
cluster_0,subcluster_0,horan,11
cluster_0,subcluster_0,leinster,19
cluster_0,subcluster_0,callaghan,14
cluster_0,subcluster_0,gara,0
cluster_0,subcluster_0,in,14395
cluster_0,subcluster_0,foley,11
cluster_0,subcluster_0,maggs,10
cluster_0,subcluster_0,ankle,18
cluster_0,subcluster_0,his,2277
cluster_0,subcluster_0,weaver,4
cluster_0,subcluster_0,me,401
cluster_0,subcluster_0,sheahan,10
cluster_0,subcluster_0,mcfadden,15
cluster_0,subcluster_0,with,4433
cluster_0,subcluster_0,miller,30
cluster_0,subcluster_0,stringer,15
cluster_0,subcluster_0,range,107
cluster_0,subcluster_0,nogar,7
cluster_0,subcluster_0,capt,37
cluster_0,subcluster_0,hayes,14
cluster_0,subcluster_0,dempsey,14
cluster_0,subcluster_0,is,7292
cluster_0,subcluster_0,makes,117
cluster_0,subcluster_0,hickie,17
cluster_0,subcluster_0,connell,0
cluster_0,subcluster_0,byrne,19
cluster_0,subcluster_0,tapes,14
cluster_0,subcluster_0,respective,4
cluster_0,subcluster_1,the,43019
cluster_0,subcluster_1,and,15819
cluster_0,subcluster_1,to,20434
cluster_0,subcluster_1,in,14395
cluster_0,subcluster_1,of,16752
cluster_0,subcluster_1,on,5950
cluster_0,subcluster_1,he,5031
cluster_0,subcluster_1,mr,2606
cluster_0,subcluster_1,will,3560
cluster_0,subcluster_1,for,7254
cluster_0,subcluster_1,as,4253
cluster_0,subcluster_1,at,3595
cluster_0,subcluster_1,was,5096
cluster_0,subcluster_1,is,7292
cluster_0,subcluster_1,with,4433
cluster_0,subcluster_1,italy,123
cluster_0,subcluster_1,his,2277
cluster_0,subcluster_1,be,4896
cluster_0,subcluster_1,ebbers,51
cluster_0,subcluster_1,by,3671
cluster_0,subcluster_1,said,6235
cluster_0,subcluster_1,russia,111
cluster_0,subcluster_1,subs,32
cluster_0,subcluster_1,also,1866
cluster_0,subcluster_1,injury,133
cluster_0,subcluster_1,who,1762
cluster_0,subcluster_1,that,7225
cluster_0,subcluster_1,she,948
cluster_0,subcluster_1,from,2856
cluster_0,subcluster_1,have,3936
cluster_0,subcluster_1,has,3688
cluster_0,subcluster_1,it,6826
cluster_0,subcluster_1,but,3646
cluster_0,subcluster_1,not,3134
cluster_0,subcluster_1,year,1506
cluster_0,subcluster_1,france,262
cluster_0,subcluster_1,brown,340
cluster_0,subcluster_1,an,2287
cluster_0,subcluster_1,after,1184
cluster_0,subcluster_1,worldcom,46
cluster_0,subcluster_1,minutes,161
cluster_0,subcluster_1,before,638
cluster_0,subcluster_1,drogba,17
cluster_0,subcluster_1,up,1598
cluster_0,subcluster_1,leicester,61
cluster_0,subcluster_1,which,2252
cluster_0,subcluster_1,sullivan,30
cluster_0,subcluster_1,arsenal,86
cluster_0,subcluster_1,united,231
cluster_0,subcluster_1,shot,93
cluster_0,subcluster_2,the,43019
cluster_0,subcluster_2,to,20434
cluster_0,subcluster_2,of,16752
cluster_0,subcluster_2,in,14395
cluster_0,subcluster_2,and,15819
cluster_0,subcluster_2,said,6235
cluster_0,subcluster_2,is,7292
cluster_0,subcluster_2,it,6826
cluster_0,subcluster_2,for,7254
cluster_0,subcluster_2,that,7225
cluster_0,subcluster_2,on,5950
cluster_0,subcluster_2,has,3688
cluster_0,subcluster_2,was,5096
cluster_0,subcluster_2,by,3671
cluster_0,subcluster_2,with,4433
cluster_0,subcluster_2,be,4896
cluster_0,subcluster_2,its,1863
cluster_0,subcluster_2,at,3595
cluster_0,subcluster_2,as,4253
cluster_0,subcluster_2,he,5031
cluster_0,subcluster_2,will,3560
cluster_0,subcluster_2,from,2856
cluster_0,subcluster_2,are,3750
cluster_0,subcluster_2,have,3936
cluster_0,subcluster_2,she,948
cluster_0,subcluster_2,which,2252
cluster_0,subcluster_2,not,3134
cluster_0,subcluster_2,been,1990
cluster_0,subcluster_2,mr,2606
cluster_0,subcluster_2,we,2677
cluster_0,subcluster_2,had,2174
cluster_0,subcluster_2,but,3646
cluster_0,subcluster_2,his,2277
cluster_0,subcluster_2,also,1866
cluster_0,subcluster_2,company,599
cluster_0,subcluster_2,her,606
cluster_0,subcluster_2,would,2220
cluster_0,subcluster_2,an,2287
cluster_0,subcluster_2,this,2500
cluster_0,subcluster_2,who,1762
cluster_0,subcluster_2,were,1902
cluster_0,subcluster_2,they,2655
cluster_0,subcluster_2,one,1482
cluster_0,subcluster_2,their,1986
cluster_0,subcluster_2,new,1559
cluster_0,subcluster_2,firm,456
cluster_0,subcluster_2,year,1506
cluster_0,subcluster_2,or,1441
cluster_0,subcluster_2,after,1184
cluster_0,subcluster_2,us,1460
cluster_1,main,yukos,150
cluster_1,main,the,43019
cluster_1,main,to,20434
cluster_1,main,gazprom,67
cluster_1,main,of,16752
cluster_1,main,oil,234
cluster_1,main,in,14395
cluster_1,main,yugansk,49
cluster_1,main,russian,128
cluster_1,main,rosneft,46
cluster_1,main,and,15819
cluster_1,main,russia,111
cluster_1,main,its,1863
cluster_1,main,khodorkovsky,41
cluster_1,main,has,3688
cluster_1,main,is,7292
cluster_1,main,bankruptcy,91
cluster_1,main,company,599
cluster_1,main,that,7225
cluster_1,main,for,7254
cluster_1,main,auction,61
cluster_1,main,us,1460
cluster_1,main,court,260
cluster_1,main,it,6826
cluster_1,main,yuganskneftegas,22
cluster_1,main,sale,179
cluster_1,main,said,6235
cluster_1,main,bank,311
cluster_1,main,deutsche,79
cluster_1,main,was,5096
cluster_1,main,firm,456
cluster_1,main,unit,80
cluster_1,main,gas,44
cluster_1,main,baikal,21
cluster_1,main,by,3671
cluster_1,main,tax,349
cluster_1,main,putin,21
cluster_1,main,mikhail,24
cluster_1,main,on,5950
cluster_1,main,as,4253
cluster_1,main,state,247
cluster_1,main,government,952
cluster_1,main,mr,2606
cluster_1,main,protection,88
cluster_1,main,houston,37
cluster_1,main,menatep,14
cluster_1,main,ongc,13
cluster_1,main,claims,171
cluster_1,main,which,2252
cluster_1,main,analysts,256
cluster_1,subcluster_0,yukos,150
cluster_1,subcluster_0,yugansk,49
cluster_1,subcluster_0,the,43019
cluster_1,subcluster_0,rosneft,46
cluster_1,subcluster_0,oil,234
cluster_1,subcluster_0,russian,128
cluster_1,subcluster_0,to,20434
cluster_1,subcluster_0,in,14395
cluster_1,subcluster_0,of,16752
cluster_1,subcluster_0,and,15819
cluster_1,subcluster_0,gazprom,67
cluster_1,subcluster_0,court,260
cluster_1,subcluster_0,sale,179
cluster_1,subcluster_0,its,1863
cluster_1,subcluster_0,russia,111
cluster_1,subcluster_0,ongc,13
cluster_1,subcluster_0,us,1460
cluster_1,subcluster_0,bankruptcy,91
cluster_1,subcluster_0,has,3688
cluster_1,subcluster_0,for,7254
cluster_1,subcluster_0,khodorkovsky,41
cluster_1,subcluster_0,bank,311
cluster_1,subcluster_0,company,599
cluster_1,subcluster_0,gas,44
cluster_1,subcluster_0,is,7292
cluster_1,subcluster_0,india,150
cluster_1,subcluster_0,houston,37
cluster_1,subcluster_0,tax,349
cluster_1,subcluster_0,was,5096
cluster_1,subcluster_0,it,6826
cluster_1,subcluster_0,deutsche,79
cluster_1,subcluster_0,by,3671
cluster_1,subcluster_0,bought,97
cluster_1,subcluster_0,mikhail,24
cluster_1,subcluster_0,jurisdiction,17
cluster_1,subcluster_0,filed,48
cluster_1,subcluster_0,protection,88
cluster_1,subcluster_0,turn,115
cluster_1,subcluster_0,sold,182
cluster_1,subcluster_0,china,262
cluster_1,subcluster_0,downfall,5
cluster_1,subcluster_0,ambitions,37
cluster_1,subcluster_0,claims,171
cluster_1,subcluster_0,that,7225
cluster_1,subcluster_0,production,146
cluster_1,subcluster_0,petroleum,13
cluster_1,subcluster_0,closures,10
cluster_1,subcluster_0,gazpromneft,5
cluster_1,subcluster_0,punishment,13
cluster_1,subcluster_0,bill,221
cluster_1,subcluster_1,yukos,150
cluster_1,subcluster_1,the,43019
cluster_1,subcluster_1,gazprom,67
cluster_1,subcluster_1,to,20434
cluster_1,subcluster_1,of,16752
cluster_1,subcluster_1,auction,61
cluster_1,subcluster_1,yuganskneftegas,22
cluster_1,subcluster_1,oil,234
cluster_1,subcluster_1,russian,128
cluster_1,subcluster_1,baikal,21
cluster_1,subcluster_1,russia,111
cluster_1,subcluster_1,in,14395
cluster_1,subcluster_1,company,599
cluster_1,subcluster_1,is,7292
cluster_1,subcluster_1,that,7225
cluster_1,subcluster_1,has,3688
cluster_1,subcluster_1,and,15819
cluster_1,subcluster_1,bankruptcy,91
cluster_1,subcluster_1,khodorkovsky,41
cluster_1,subcluster_1,unit,80
cluster_1,subcluster_1,for,7254
cluster_1,subcluster_1,firm,456
cluster_1,subcluster_1,rosneft,46
cluster_1,subcluster_1,state,247
cluster_1,subcluster_1,putin,21
cluster_1,subcluster_1,gas,44
cluster_1,subcluster_1,us,1460
cluster_1,subcluster_1,it,6826
cluster_1,subcluster_1,sale,179
cluster_1,subcluster_1,government,952
cluster_1,subcluster_1,said,6235
cluster_1,subcluster_1,its,1863
cluster_1,subcluster_1,claims,171
cluster_1,subcluster_1,regain,11
cluster_1,subcluster_1,moscow,13
cluster_1,subcluster_1,law,269
cluster_1,subcluster_1,as,4253
cluster_1,subcluster_1,group,390
cluster_1,subcluster_1,lawyers,43
cluster_1,subcluster_1,was,5096
cluster_1,subcluster_1,analysts,256
cluster_1,subcluster_1,mikhail,24
cluster_1,subcluster_1,independent,109
cluster_1,subcluster_1,moves,25
cluster_1,subcluster_1,protection,88
cluster_1,subcluster_1,legal,230
cluster_1,subcluster_1,assets,50
cluster_1,subcluster_1,houston,37
cluster_1,subcluster_1,illegal,85
cluster_1,subcluster_1,kremlin,8
cluster_1,subcluster_2,the,43019
cluster_1,subcluster_2,yukos,150
cluster_1,subcluster_2,to,20434
cluster_1,subcluster_2,of,16752
cluster_1,subcluster_2,in,14395
cluster_1,subcluster_2,and,15819
cluster_1,subcluster_2,gazprom,67
cluster_1,subcluster_2,its,1863
cluster_1,subcluster_2,russia,111
cluster_1,subcluster_2,that,7225
cluster_1,subcluster_2,khodorkovsky,41
cluster_1,subcluster_2,russian,128
cluster_1,subcluster_2,oil,234
cluster_1,subcluster_2,deutsche,79
cluster_1,subcluster_2,rosneft,46
cluster_1,subcluster_2,said,6235
cluster_1,subcluster_2,is,7292
cluster_1,subcluster_2,it,6826
cluster_1,subcluster_2,yuganskneftegaz,8
cluster_1,subcluster_2,bank,311
cluster_1,subcluster_2,mr,2606
cluster_1,subcluster_2,putin,21
cluster_1,subcluster_2,has,3688
cluster_1,subcluster_2,lse,50
cluster_1,subcluster_2,for,7254
cluster_1,subcluster_2,yugansk,49
cluster_1,subcluster_2,qantas,22
cluster_1,subcluster_2,company,599
cluster_1,subcluster_2,december,225
cluster_1,subcluster_2,firm,456
cluster_1,subcluster_2,business,555
cluster_1,subcluster_2,bankruptcy,91
cluster_1,subcluster_2,on,5950
cluster_1,subcluster_2,court,260
cluster_1,subcluster_2,by,3671
cluster_1,subcluster_2,as,4253
cluster_1,subcluster_2,was,5096
cluster_1,subcluster_2,government,952
cluster_1,subcluster_2,tax,349
cluster_1,subcluster_2,menatep,14
cluster_1,subcluster_2,us,1460
cluster_1,subcluster_2,gref,3
cluster_1,subcluster_2,boerse,45
cluster_1,subcluster_2,market,610
cluster_1,subcluster_2,inbev,13
cluster_1,subcluster_2,president,267
cluster_1,subcluster_2,from,2856
cluster_1,subcluster_2,with,4433
cluster_1,subcluster_2,vladimir,14
cluster_1,subcluster_2,unit,80
cluster_2,main,the,43019
cluster_2,main,to,20434
cluster_2,main,of,16752
cluster_2,main,and,15819
cluster_2,main,in,14395
cluster_2,main,that,7225
cluster_2,main,is,7292
cluster_2,main,it,6826
cluster_2,main,for,7254
cluster_2,main,are,3750
cluster_2,main,be,4896
cluster_2,main,people,1775
cluster_2,main,said,6235
cluster_2,main,as,4253
cluster_2,main,on,5950
cluster_2,main,will,3560
cluster_2,main,music,731
cluster_2,main,mobile,447
cluster_2,main,they,2655
cluster_2,main,more,2018
cluster_2,main,with,4433
cluster_2,main,have,3936
cluster_2,main,can,1484
cluster_2,main,technology,495
cluster_2,main,by,3671
cluster_2,main,has,3688
cluster_2,main,digital,366
cluster_2,main,not,3134
cluster_2,main,you,1387
cluster_2,main,or,1441
cluster_2,main,users,328
cluster_2,main,this,2500
cluster_2,main,which,2252
cluster_2,main,was,5096
cluster_2,main,their,1986
cluster_2,main,software,304
cluster_2,main,net,342
cluster_2,main,but,3646
cluster_2,main,from,2856
cluster_2,main,he,5031
cluster_2,main,broadband,220
cluster_2,main,games,517
cluster_2,main,its,1863
cluster_2,main,phone,317
cluster_2,main,at,3595
cluster_2,main,mr,2606
cluster_2,main,online,300
cluster_2,main,than,1386
cluster_2,main,computer,255
cluster_2,main,about,1520
cluster_2,subcluster_0,the,43019
cluster_2,subcluster_0,bt,115
cluster_2,subcluster_0,broadband,220
cluster_2,subcluster_0,to,20434
cluster_2,subcluster_0,of,16752
cluster_2,subcluster_0,and,15819
cluster_2,subcluster_0,that,7225
cluster_2,subcluster_0,in,14395
cluster_2,subcluster_0,it,6826
cluster_2,subcluster_0,will,3560
cluster_2,subcluster_0,calls,109
cluster_2,subcluster_0,is,7292
cluster_2,subcluster_0,computing,34
cluster_2,subcluster_0,loop,10
cluster_2,subcluster_0,for,7254
cluster_2,subcluster_0,trusted,27
cluster_2,subcluster_0,donofrio,13
cluster_2,subcluster_0,service,412
cluster_2,subcluster_0,wanadoo,7
cluster_2,subcluster_0,jaynes,11
cluster_2,subcluster_0,services,366
cluster_2,subcluster_0,voip,14
cluster_2,subcluster_0,telephone,54
cluster_2,subcluster_0,people,1775
cluster_2,subcluster_0,access,214
cluster_2,subcluster_0,users,328
cluster_2,subcluster_0,ofcom,26
cluster_2,subcluster_0,local,219
cluster_2,subcluster_0,unbundling,8
cluster_2,subcluster_0,as,4253
cluster_2,subcluster_0,more,2018
cluster_2,subcluster_0,are,3750
cluster_2,subcluster_0,phone,317
cluster_2,subcluster_0,technology,495
cluster_2,subcluster_0,we,2677
cluster_2,subcluster_0,than,1386
cluster_2,subcluster_0,lines,41
cluster_2,subcluster_0,said,6235
cluster_2,subcluster_0,network,172
cluster_2,subcluster_0,be,4896
cluster_2,subcluster_0,internet,267
cluster_2,subcluster_0,exchanges,19
cluster_2,subcluster_0,your,268
cluster_2,subcluster_0,was,5096
cluster_2,subcluster_0,can,1484
cluster_2,subcluster_0,have,3936
cluster_2,subcluster_0,they,2655
cluster_2,subcluster_0,their,1986
cluster_2,subcluster_0,hardware,33
cluster_2,subcluster_0,make,755
cluster_2,subcluster_1,the,43019
cluster_2,subcluster_1,to,20434
cluster_2,subcluster_1,of,16752
cluster_2,subcluster_1,and,15819
cluster_2,subcluster_1,in,14395
cluster_2,subcluster_1,that,7225
cluster_2,subcluster_1,is,7292
cluster_2,subcluster_1,it,6826
cluster_2,subcluster_1,for,7254
cluster_2,subcluster_1,are,3750
cluster_2,subcluster_1,be,4896
cluster_2,subcluster_1,said,6235
cluster_2,subcluster_1,people,1775
cluster_2,subcluster_1,as,4253
cluster_2,subcluster_1,on,5950
cluster_2,subcluster_1,mobile,447
cluster_2,subcluster_1,will,3560
cluster_2,subcluster_1,they,2655
cluster_2,subcluster_1,more,2018
cluster_2,subcluster_1,with,4433
cluster_2,subcluster_1,have,3936
cluster_2,subcluster_1,can,1484
cluster_2,subcluster_1,technology,495
cluster_2,subcluster_1,by,3671
cluster_2,subcluster_1,music,731
cluster_2,subcluster_1,has,3688
cluster_2,subcluster_1,digital,366
cluster_2,subcluster_1,not,3134
cluster_2,subcluster_1,you,1387
cluster_2,subcluster_1,or,1441
cluster_2,subcluster_1,users,328
cluster_2,subcluster_1,this,2500
cluster_2,subcluster_1,which,2252
cluster_2,subcluster_1,was,5096
cluster_2,subcluster_1,software,304
cluster_2,subcluster_1,games,517
cluster_2,subcluster_1,net,342
cluster_2,subcluster_1,but,3646
cluster_2,subcluster_1,their,1986
cluster_2,subcluster_1,he,5031
cluster_2,subcluster_1,from,2856
cluster_2,subcluster_1,its,1863
cluster_2,subcluster_1,online,300
cluster_2,subcluster_1,mr,2606
cluster_2,subcluster_1,at,3595
cluster_2,subcluster_1,computer,255
cluster_2,subcluster_1,phone,317
cluster_2,subcluster_1,phones,203
cluster_2,subcluster_1,than,1386
cluster_2,subcluster_1,about,1520
cluster_2,subcluster_2,music,731
cluster_2,subcluster_2,the,43019
cluster_2,subcluster_2,of,16752
cluster_2,subcluster_2,to,20434
cluster_2,subcluster_2,and,15819
cluster_2,subcluster_2,radio,283
cluster_2,subcluster_2,peel,26
cluster_2,subcluster_2,show,449
cluster_2,subcluster_2,is,7292
cluster_2,subcluster_2,urban,59
cluster_2,subcluster_2,that,7225
cluster_2,subcluster_2,djs,9
cluster_2,subcluster_2,in,14395
cluster_2,subcluster_2,station,53
cluster_2,subcluster_2,for,7254
cluster_2,subcluster_2,it,6826
cluster_2,subcluster_2,huw,4
cluster_2,subcluster_2,service,412
cluster_2,subcluster_2,songs,96
cluster_2,subcluster_2,copyright,39
cluster_2,subcluster_2,host,76
cluster_2,subcluster_2,chart,75
cluster_2,subcluster_2,will,3560
cluster_2,subcluster_2,john,207
cluster_2,subcluster_2,on,5950
cluster_2,subcluster_2,ross,41
cluster_2,subcluster_2,one,1482
cluster_2,subcluster_2,legacy,11
cluster_2,subcluster_2,what,998
cluster_2,subcluster_2,download,104
cluster_2,subcluster_2,joss,34
cluster_2,subcluster_2,we,2677
cluster_2,subcluster_2,black,124
cluster_2,subcluster_2,digital,366
cluster_2,subcluster_2,napster,21
cluster_2,subcluster_2,people,1775
cluster_2,subcluster_2,or,1441
cluster_2,subcluster_2,as,4253
cluster_2,subcluster_2,from,2856
cluster_2,subcluster_2,subscription,27
cluster_2,subcluster_2,their,1986
cluster_2,subcluster_2,not,3134
cluster_2,subcluster_2,stephens,5
cluster_2,subcluster_2,wippit,7
cluster_2,subcluster_2,an,2287
cluster_2,subcluster_2,unpredictable,7
cluster_2,subcluster_2,be,4896
cluster_2,subcluster_2,genres,7
cluster_2,subcluster_2,musical,74
cluster_2,subcluster_2,rundown,3
cluster_3,main,the,43019
cluster_3,main,in,14395
cluster_3,main,hamm,5
cluster_3,main,to,20434
cluster_3,main,and,15819
cluster_3,main,her,606
cluster_3,main,cup,182
cluster_3,main,women,203
cluster_3,main,villa,20
cluster_3,main,on,5950
cluster_3,main,fa,28
cluster_3,main,prior,24
cluster_3,main,male,23
cluster_3,main,of,16752
cluster_3,main,commit,27
cluster_3,main,hoping,64
cluster_3,main,killed,37
cluster_3,main,first,1001
cluster_3,main,chicago,23
cluster_3,main,park,73
cluster_3,main,lone,3
cluster_3,main,prinz,2
cluster_3,main,sunday,161
cluster_3,main,suspensions,3
cluster_3,main,valencia,4
cluster_3,main,goals,50
cluster_3,main,broadway,6
cluster_3,main,games,517
cluster_3,main,suspicion,23
cluster_3,main,who,1762
cluster_3,main,field,81
cluster_3,main,rooney,33
cluster_3,main,arriving,6
cluster_3,main,arrested,41
cluster_3,main,time,949
cluster_3,main,carling,13
cluster_3,main,with,4433
cluster_3,main,wayne,14
cluster_3,main,was,5096
cluster_3,main,cubs,2
cluster_3,main,win,415
cluster_3,main,female,41
cluster_3,main,teenager,13
cluster_3,main,award,217
cluster_3,main,is,7292
cluster_3,main,benitez,21
cluster_3,main,at,3595
cluster_3,main,responded,17
cluster_3,main,for,7254
cluster_3,main,play,453
cluster_3,subcluster_0,lone,3
cluster_3,subcluster_0,sunday,161
cluster_3,subcluster_0,valencia,4
cluster_3,subcluster_0,suspensions,3
cluster_3,subcluster_0,rooney,33
cluster_3,subcluster_0,arriving,6
cluster_3,subcluster_0,carling,13
cluster_3,subcluster_0,wayne,14
cluster_3,subcluster_0,teenager,13
cluster_3,subcluster_0,benitez,21
cluster_3,subcluster_0,responded,17
cluster_3,subcluster_0,play,453
cluster_3,subcluster_0,meaning,20
cluster_3,subcluster_0,trophy,21
cluster_3,subcluster_0,goals,50
cluster_3,subcluster_0,injuries,34
cluster_3,subcluster_0,sometimes,43
cluster_3,subcluster_0,cardiff,67
cluster_3,subcluster_0,liverpool,114
cluster_3,subcluster_0,chelsea,104
cluster_3,subcluster_0,goal,100
cluster_3,subcluster_0,front,85
cluster_3,subcluster_0,nine,74
cluster_3,subcluster_0,in,14395
cluster_3,subcluster_0,hoping,64
cluster_3,subcluster_0,first,1001
cluster_3,subcluster_0,city,128
cluster_3,subcluster_0,or,1441
cluster_3,subcluster_0,cup,182
cluster_3,subcluster_0,role,219
cluster_3,subcluster_0,side,230
cluster_3,subcluster_0,games,517
cluster_3,subcluster_0,the,43019
cluster_3,subcluster_0,six,303
cluster_3,subcluster_0,including,349
cluster_3,subcluster_0,win,415
cluster_3,subcluster_0,has,3688
cluster_3,subcluster_0,with,4433
cluster_3,subcluster_0,since,487
cluster_3,subcluster_0,on,5950
cluster_3,subcluster_0,against,714
cluster_3,subcluster_0,to,20434
cluster_3,subcluster_0,when,1147
cluster_3,subcluster_0,up,1598
cluster_3,subcluster_0,his,2277
cluster_3,subcluster_0,had,2174
cluster_3,subcluster_0,they,2655
cluster_3,subcluster_0,from,2856
cluster_3,subcluster_0,at,3595
cluster_3,subcluster_0,is,7292
cluster_3,subcluster_1,the,43019
cluster_3,subcluster_1,hamm,5
cluster_3,subcluster_1,in,14395
cluster_3,subcluster_1,and,15819
cluster_3,subcluster_1,her,606
cluster_3,subcluster_1,women,203
cluster_3,subcluster_1,villa,20
cluster_3,subcluster_1,to,20434
cluster_3,subcluster_1,fa,28
cluster_3,subcluster_1,prior,24
cluster_3,subcluster_1,male,23
cluster_3,subcluster_1,killed,37
cluster_3,subcluster_1,cup,182
cluster_3,subcluster_1,chicago,23
cluster_3,subcluster_1,park,73
cluster_3,subcluster_1,of,16752
cluster_3,subcluster_1,prinz,2
cluster_3,subcluster_1,broadway,6
cluster_3,subcluster_1,who,1762
cluster_3,subcluster_1,field,81
cluster_3,subcluster_1,time,949
cluster_3,subcluster_1,cubs,2
cluster_3,subcluster_1,female,41
cluster_3,subcluster_1,award,217
cluster_3,subcluster_1,for,7254
cluster_3,subcluster_1,baltacha,1
cluster_3,subcluster_1,jesse,2
cluster_3,subcluster_1,won,397
cluster_3,subcluster_1,great,333
cluster_3,subcluster_1,fifa,12
cluster_3,subcluster_1,owens,3
cluster_3,subcluster_1,charity,40
cluster_3,subcluster_1,olympic,97
cluster_3,subcluster_1,mixed,20
cluster_3,subcluster_1,is,7292
cluster_3,subcluster_1,on,5950
cluster_3,subcluster_1,awards,206
cluster_3,subcluster_1,elena,10
cluster_3,subcluster_1,at,3595
cluster_3,subcluster_1,rankings,10
cluster_3,subcluster_1,ranking,10
cluster_3,subcluster_1,hoping,64
cluster_3,subcluster_1,medals,17
cluster_3,subcluster_1,qualified,15
cluster_3,subcluster_1,davenport,27
cluster_3,subcluster_1,career,146
cluster_3,subcluster_1,hayes,14
cluster_3,subcluster_1,top,414
cluster_3,subcluster_1,knowing,17
cluster_3,subcluster_1,april,92
cluster_3,subcluster_2,suspicion,23
cluster_3,subcluster_2,commit,27
cluster_3,subcluster_2,arrested,41
cluster_3,subcluster_2,incitement,1
cluster_3,subcluster_2,keighley,1
cluster_3,subcluster_2,tyndall,1
cluster_3,subcluster_2,hatred,5
cluster_3,subcluster_2,lancashire,4
cluster_3,subcluster_2,bnp,20
cluster_3,subcluster_2,burnley,10
cluster_3,subcluster_2,brighton,11
cluster_3,subcluster_2,bail,16
cluster_3,subcluster_2,racial,13
cluster_3,subcluster_2,conspiracy,18
cluster_3,subcluster_2,detained,31
cluster_3,subcluster_2,spokesperson,29
cluster_3,subcluster_2,leicester,61
cluster_3,subcluster_2,on,5950
cluster_3,subcluster_2,damage,64
cluster_3,subcluster_2,from,2856
cluster_3,subcluster_2,criminal,78
cluster_3,subcluster_2,speech,101
cluster_3,subcluster_2,police,218
cluster_3,subcluster_2,was,5096
cluster_3,subcluster_2,released,180
cluster_3,subcluster_2,september,143
cluster_3,subcluster_2,monday,146
cluster_3,subcluster_2,man,184
cluster_3,subcluster_2,following,200
cluster_3,subcluster_2,both,419
cluster_3,subcluster_2,made,670
cluster_3,subcluster_2,of,16752
cluster_3,subcluster_2,in,14395
cluster_3,subcluster_2,to,20434
cluster_3,subcluster_2,mr,2606
cluster_3,subcluster_2,were,1902
cluster_3,subcluster_2,he,5031
cluster_3,subcluster_2,said,6235
cluster_3,subcluster_2,and,15819
cluster_3,subcluster_2,firefighting,1
cluster_3,subcluster_2,financings,1
cluster_3,subcluster_2,finans,1
cluster_3,subcluster_2,finanziaria,2
cluster_3,subcluster_2,find,208
cluster_3,subcluster_2,finding,76
cluster_3,subcluster_2,findings,20
cluster_3,subcluster_2,findlay,2
cluster_3,subcluster_2,finds,15
cluster_3,subcluster_2,fine,45
cluster_3,subcluster_2,fined,15
cluster_4,main,the,43019
cluster_4,main,to,20434
cluster_4,main,of,16752
cluster_4,main,in,14395
cluster_4,main,and,15819
cluster_4,main,said,6235
cluster_4,main,that,7225
cluster_4,main,for,7254
cluster_4,main,its,1863
cluster_4,main,is,7292
cluster_4,main,on,5950
cluster_4,main,it,6826
cluster_4,main,growth,407
cluster_4,main,us,1460
cluster_4,main,has,3688
cluster_4,main,by,3671
cluster_4,main,economic,329
cluster_4,main,economy,350
cluster_4,main,are,3750
cluster_4,main,from,2856
cluster_4,main,year,1506
cluster_4,main,as,4253
cluster_4,main,at,3595
cluster_4,main,business,555
cluster_4,main,be,4896
cluster_4,main,china,262
cluster_4,main,with,4433
cluster_4,main,dollar,192
cluster_4,main,will,3560
cluster_4,main,have,3936
cluster_4,main,was,5096
cluster_4,main,market,610
cluster_4,main,mr,2606
cluster_4,main,bank,311
cluster_4,main,government,952
cluster_4,main,but,3646
cluster_4,main,which,2252
cluster_4,main,this,2500
cluster_4,main,than,1386
cluster_4,main,not,3134
cluster_4,main,more,2018
cluster_4,main,an,2287
cluster_4,main,oil,234
cluster_4,main,had,2174
cluster_4,main,sales,409
cluster_4,main,prices,246
cluster_4,main,would,2220
cluster_4,main,euro,88
cluster_4,main,deficit,86
cluster_4,main,also,1866
cluster_4,subcluster_0,the,43019
cluster_4,subcluster_0,to,20434
cluster_4,subcluster_0,of,16752
cluster_4,subcluster_0,in,14395
cluster_4,subcluster_0,and,15819
cluster_4,subcluster_0,economy,350
cluster_4,subcluster_0,said,6235
cluster_4,subcluster_0,economic,329
cluster_4,subcluster_0,growth,407
cluster_4,subcluster_0,that,7225
cluster_4,subcluster_0,for,7254
cluster_4,subcluster_0,is,7292
cluster_4,subcluster_0,on,5950
cluster_4,subcluster_0,are,3750
cluster_4,subcluster_0,it,6826
cluster_4,subcluster_0,be,4896
cluster_4,subcluster_0,by,3671
cluster_4,subcluster_0,as,4253
cluster_4,subcluster_0,from,2856
cluster_4,subcluster_0,has,3688
cluster_4,subcluster_0,its,1863
cluster_4,subcluster_0,year,1506
cluster_4,subcluster_0,at,3595
cluster_4,subcluster_0,countries,269
cluster_4,subcluster_0,mr,2606
cluster_4,subcluster_0,will,3560
cluster_4,subcluster_0,have,3936
cluster_4,subcluster_0,government,952
cluster_4,subcluster_0,imf,47
cluster_4,subcluster_0,jobs,188
cluster_4,subcluster_0,eu,203
cluster_4,subcluster_0,world,918
cluster_4,subcluster_0,with,4433
cluster_4,subcluster_0,was,5096
cluster_4,subcluster_0,but,3646
cluster_4,subcluster_0,us,1460
cluster_4,subcluster_0,not,3134
cluster_4,subcluster_0,rate,199
cluster_4,subcluster_0,bank,311
cluster_4,subcluster_0,budget,181
cluster_4,subcluster_0,president,267
cluster_4,subcluster_0,eurozone,21
cluster_4,subcluster_0,he,5031
cluster_4,subcluster_0,unemployment,66
cluster_4,subcluster_0,would,2220
cluster_4,subcluster_0,china,262
cluster_4,subcluster_0,which,2252
cluster_4,subcluster_0,turkey,46
cluster_4,subcluster_0,we,2677
cluster_4,subcluster_0,european,411
cluster_4,subcluster_1,the,43019
cluster_4,subcluster_1,to,20434
cluster_4,subcluster_1,of,16752
cluster_4,subcluster_1,in,14395
cluster_4,subcluster_1,and,15819
cluster_4,subcluster_1,dollar,192
cluster_4,subcluster_1,us,1460
cluster_4,subcluster_1,its,1863
cluster_4,subcluster_1,said,6235
cluster_4,subcluster_1,that,7225
cluster_4,subcluster_1,on,5950
cluster_4,subcluster_1,it,6826
cluster_4,subcluster_1,for,7254
cluster_4,subcluster_1,business,555
cluster_4,subcluster_1,has,3688
cluster_4,subcluster_1,china,262
cluster_4,subcluster_1,is,7292
cluster_4,subcluster_1,growth,407
cluster_4,subcluster_1,market,610
cluster_4,subcluster_1,at,3595
cluster_4,subcluster_1,by,3671
cluster_4,subcluster_1,with,4433
cluster_4,subcluster_1,euro,88
cluster_4,subcluster_1,year,1506
cluster_4,subcluster_1,shares,212
cluster_4,subcluster_1,was,5096
cluster_4,subcluster_1,from,2856
cluster_4,subcluster_1,bank,311
cluster_4,subcluster_1,as,4253
cluster_4,subcluster_1,will,3560
cluster_4,subcluster_1,stock,135
cluster_4,subcluster_1,are,3750
cluster_4,subcluster_1,profits,131
cluster_4,subcluster_1,trade,202
cluster_4,subcluster_1,economic,329
cluster_4,subcluster_1,deficit,86
cluster_4,subcluster_1,be,4896
cluster_4,subcluster_1,have,3936
cluster_4,subcluster_1,financial,223
cluster_4,subcluster_1,markets,115
cluster_4,subcluster_1,this,2500
cluster_4,subcluster_1,analysts,256
cluster_4,subcluster_1,mr,2606
cluster_4,subcluster_1,economy,350
cluster_4,subcluster_1,had,2174
cluster_4,subcluster_1,company,599
cluster_4,subcluster_1,firms,301
cluster_4,subcluster_1,which,2252
cluster_4,subcluster_1,more,2018
cluster_4,subcluster_1,oil,234
cluster_4,subcluster_2,the,43019
cluster_4,subcluster_2,to,20434
cluster_4,subcluster_2,of,16752
cluster_4,subcluster_2,in,14395
cluster_4,subcluster_2,and,15819
cluster_4,subcluster_2,said,6235
cluster_4,subcluster_2,its,1863
cluster_4,subcluster_2,it,6826
cluster_4,subcluster_2,is,7292
cluster_4,subcluster_2,that,7225
cluster_4,subcluster_2,for,7254
cluster_4,subcluster_2,by,3671
cluster_4,subcluster_2,sales,409
cluster_4,subcluster_2,has,3688
cluster_4,subcluster_2,fraud,105
cluster_4,subcluster_2,business,555
cluster_4,subcluster_2,on,5950
cluster_4,subcluster_2,gm,57
cluster_4,subcluster_2,us,1460
cluster_4,subcluster_2,market,610
cluster_4,subcluster_2,are,3750
cluster_4,subcluster_2,year,1506
cluster_4,subcluster_2,have,3936
cluster_4,subcluster_2,china,262
cluster_4,subcluster_2,from,2856
cluster_4,subcluster_2,company,599
cluster_4,subcluster_2,as,4253
cluster_4,subcluster_2,with,4433
cluster_4,subcluster_2,deal,323
cluster_4,subcluster_2,fuel,71
cluster_4,subcluster_2,be,4896
cluster_4,subcluster_2,government,952
cluster_4,subcluster_2,will,3560
cluster_4,subcluster_2,car,115
cluster_4,subcluster_2,was,5096
cluster_4,subcluster_2,firm,456
cluster_4,subcluster_2,prices,246
cluster_4,subcluster_2,demand,176
cluster_4,subcluster_2,profits,131
cluster_4,subcluster_2,at,3595
cluster_4,subcluster_2,production,146
cluster_4,subcluster_2,euros,124
cluster_4,subcluster_2,oil,234
cluster_4,subcluster_2,than,1386
cluster_4,subcluster_2,mr,2606
cluster_4,subcluster_2,bank,311
cluster_4,subcluster_2,economy,350
cluster_4,subcluster_2,an,2287
cluster_4,subcluster_2,new,1559
cluster_4,subcluster_2,analysts,256
cluster_5,main,the,43019
cluster_5,main,to,20434
cluster_5,main,and,15819
cluster_5,main,in,14395
cluster_5,main,he,5031
cluster_5,main,of,16752
cluster_5,main,we,2677
cluster_5,main,it,6826
cluster_5,main,was,5096
cluster_5,main,is,7292
cluster_5,main,but,3646
cluster_5,main,for,7254
cluster_5,main,that,7225
cluster_5,main,his,2277
cluster_5,main,have,3936
cluster_5,main,on,5950
cluster_5,main,game,664
cluster_5,main,with,4433
cluster_5,main,you,1387
cluster_5,main,said,6235
cluster_5,main,at,3595
cluster_5,main,be,4896
cluster_5,main,england,405
cluster_5,main,my,594
cluster_5,main,not,3134
cluster_5,main,players,424
cluster_5,main,will,3560
cluster_5,main,has,3688
cluster_5,main,as,4253
cluster_5,main,had,2174
cluster_5,main,win,415
cluster_5,main,are,3750
cluster_5,main,me,401
cluster_5,main,they,2655
cluster_5,main,play,453
cluster_5,main,against,714
cluster_5,main,there,1671
cluster_5,main,match,180
cluster_5,main,cup,182
cluster_5,main,team,263
cluster_5,main,after,1184
cluster_5,main,this,2500
cluster_5,main,good,567
cluster_5,main,do,1224
cluster_5,main,him,536
cluster_5,main,if,1300
cluster_5,main,who,1762
cluster_5,main,very,766
cluster_5,main,been,1990
cluster_5,main,can,1484
cluster_5,subcluster_0,the,43019
cluster_5,subcluster_0,we,2677
cluster_5,subcluster_0,to,20434
cluster_5,subcluster_0,and,15819
cluster_5,subcluster_0,he,5031
cluster_5,subcluster_0,it,6826
cluster_5,subcluster_0,in,14395
cluster_5,subcluster_0,of,16752
cluster_5,subcluster_0,is,7292
cluster_5,subcluster_0,have,3936
cluster_5,subcluster_0,that,7225
cluster_5,subcluster_0,but,3646
cluster_5,subcluster_0,you,1387
cluster_5,subcluster_0,was,5096
cluster_5,subcluster_0,game,664
cluster_5,subcluster_0,for,7254
cluster_5,subcluster_0,said,6235
cluster_5,subcluster_0,not,3134
cluster_5,subcluster_0,with,4433
cluster_5,subcluster_0,are,3750
cluster_5,subcluster_0,at,3595
cluster_5,subcluster_0,his,2277
cluster_5,subcluster_0,be,4896
cluster_5,subcluster_0,they,2655
cluster_5,subcluster_0,do,1224
cluster_5,subcluster_0,good,567
cluster_5,subcluster_0,very,766
cluster_5,subcluster_0,liverpool,114
cluster_5,subcluster_0,had,2174
cluster_5,subcluster_0,play,453
cluster_5,subcluster_0,arsenal,86
cluster_5,subcluster_0,team,263
cluster_5,subcluster_0,if,1300
cluster_5,subcluster_0,on,5950
cluster_5,subcluster_0,chelsea,104
cluster_5,subcluster_0,as,4253
cluster_5,subcluster_0,league,128
cluster_5,subcluster_0,there,1671
cluster_5,subcluster_0,win,415
cluster_5,subcluster_0,games,517
cluster_5,subcluster_0,players,424
cluster_5,subcluster_0,our,606
cluster_5,subcluster_0,goal,100
cluster_5,subcluster_0,did,613
cluster_5,subcluster_0,after,1184
cluster_5,subcluster_0,him,536
cluster_5,subcluster_0,can,1484
cluster_5,subcluster_0,my,594
cluster_5,subcluster_0,will,3560
cluster_5,subcluster_0,has,3688
cluster_5,subcluster_1,the,43019
cluster_5,subcluster_1,to,20434
cluster_5,subcluster_1,and,15819
cluster_5,subcluster_1,in,14395
cluster_5,subcluster_1,of,16752
cluster_5,subcluster_1,he,5031
cluster_5,subcluster_1,was,5096
cluster_5,subcluster_1,his,2277
cluster_5,subcluster_1,for,7254
cluster_5,subcluster_1,it,6826
cluster_5,subcluster_1,but,3646
cluster_5,subcluster_1,on,5950
cluster_5,subcluster_1,is,7292
cluster_5,subcluster_1,that,7225
cluster_5,subcluster_1,england,405
cluster_5,subcluster_1,have,3936
cluster_5,subcluster_1,with,4433
cluster_5,subcluster_1,at,3595
cluster_5,subcluster_1,said,6235
cluster_5,subcluster_1,be,4896
cluster_5,subcluster_1,game,664
cluster_5,subcluster_1,my,594
cluster_5,subcluster_1,we,2677
cluster_5,subcluster_1,she,948
cluster_5,subcluster_1,players,424
cluster_5,subcluster_1,has,3688
cluster_5,subcluster_1,will,3560
cluster_5,subcluster_1,match,180
cluster_5,subcluster_1,cup,182
cluster_5,subcluster_1,you,1387
cluster_5,subcluster_1,me,401
cluster_5,subcluster_1,wales,277
cluster_5,subcluster_1,win,415
cluster_5,subcluster_1,rugby,149
cluster_5,subcluster_1,against,714
cluster_5,subcluster_1,not,3134
cluster_5,subcluster_1,as,4253
cluster_5,subcluster_1,ireland,238
cluster_5,subcluster_1,had,2174
cluster_5,subcluster_1,final,239
cluster_5,subcluster_1,who,1762
cluster_5,subcluster_1,world,918
cluster_5,subcluster_1,injury,133
cluster_5,subcluster_1,this,2500
cluster_5,subcluster_1,after,1184
cluster_5,subcluster_1,play,453
cluster_5,subcluster_1,her,606
cluster_5,subcluster_1,they,2655
cluster_5,subcluster_1,are,3750
cluster_5,subcluster_1,out,1316
cluster_5,subcluster_2,club,246
cluster_5,subcluster_2,the,43019
cluster_5,subcluster_2,he,5031
cluster_5,subcluster_2,to,20434
cluster_5,subcluster_2,liverpool,114
cluster_5,subcluster_2,edu,8
cluster_5,subcluster_2,my,594
cluster_5,subcluster_2,knows,49
cluster_5,subcluster_2,bellamy,25
cluster_5,subcluster_2,and,15819
cluster_5,subcluster_2,it,6826
cluster_5,subcluster_2,anelka,10
cluster_5,subcluster_2,in,14395
cluster_5,subcluster_2,clubs,39
cluster_5,subcluster_2,for,7254
cluster_5,subcluster_2,of,16752
cluster_5,subcluster_2,striker,36
cluster_5,subcluster_2,but,3646
cluster_5,subcluster_2,that,7225
cluster_5,subcluster_2,hope,148
cluster_5,subcluster_2,nicolas,21
cluster_5,subcluster_2,anfield,17
cluster_5,subcluster_2,nobody,32
cluster_5,subcluster_2,wardle,5
cluster_5,subcluster_2,me,401
cluster_5,subcluster_2,gerrard,56
cluster_5,subcluster_2,will,3560
cluster_5,subcluster_2,wenger,24
cluster_5,subcluster_2,commit,27
cluster_5,subcluster_2,have,3936
cluster_5,subcluster_2,is,7292
cluster_5,subcluster_2,ronaldo,24
cluster_5,subcluster_2,be,4896
cluster_5,subcluster_2,his,2277
cluster_5,subcluster_2,this,2500
cluster_5,subcluster_2,with,4433
cluster_5,subcluster_2,as,4253
cluster_5,subcluster_2,england,405
cluster_5,subcluster_2,madrid,69
cluster_5,subcluster_2,spoken,23
cluster_5,subcluster_2,champions,59
cluster_5,subcluster_2,there,1671
cluster_5,subcluster_2,here,193
cluster_5,subcluster_2,like,753
cluster_5,subcluster_2,linked,51
cluster_5,subcluster_2,meeting,177
cluster_5,subcluster_2,premiership,66
cluster_5,subcluster_2,added,635
cluster_5,subcluster_2,we,2677
cluster_5,subcluster_2,would,2220
cluster_6,main,the,43019
cluster_6,main,to,20434
cluster_6,main,of,16752
cluster_6,main,and,15819
cluster_6,main,in,14395
cluster_6,main,said,6235
cluster_6,main,that,7225
cluster_6,main,be,4896
cluster_6,main,he,5031
cluster_6,main,it,6826
cluster_6,main,government,952
cluster_6,main,for,7254
cluster_6,main,is,7292
cluster_6,main,on,5950
cluster_6,main,mr,2606
cluster_6,main,was,5096
cluster_6,main,would,2220
cluster_6,main,they,2655
cluster_6,main,not,3134
cluster_6,main,lord,218
cluster_6,main,are,3750
cluster_6,main,we,2677
cluster_6,main,but,3646
cluster_6,main,have,3936
cluster_6,main,will,3560
cluster_6,main,had,2174
cluster_6,main,by,3671
cluster_6,main,police,218
cluster_6,main,as,4253
cluster_6,main,there,1671
cluster_6,main,were,1902
cluster_6,main,with,4433
cluster_6,main,people,1775
cluster_6,main,law,269
cluster_6,main,should,710
cluster_6,main,this,2500
cluster_6,main,lords,87
cluster_6,main,secretary,212
cluster_6,main,bill,221
cluster_6,main,been,1990
cluster_6,main,home,480
cluster_6,main,has,3688
cluster_6,main,from,2856
cluster_6,main,public,467
cluster_6,main,who,1762
cluster_6,main,rights,222
cluster_6,main,or,1441
cluster_6,main,at,3595
cluster_6,main,an,2287
cluster_6,main,minister,420
cluster_6,subcluster_0,the,43019
cluster_6,subcluster_0,lord,218
cluster_6,subcluster_0,lords,87
cluster_6,subcluster_0,of,16752
cluster_6,subcluster_0,to,20434
cluster_6,subcluster_0,chancellor,202
cluster_6,subcluster_0,house,219
cluster_6,subcluster_0,in,14395
cluster_6,subcluster_0,law,269
cluster_6,subcluster_0,speaker,18
cluster_6,subcluster_0,be,4896
cluster_6,subcluster_0,said,6235
cluster_6,subcluster_0,judiciary,10
cluster_6,subcluster_0,trial,129
cluster_6,subcluster_0,convention,28
cluster_6,subcluster_0,rights,222
cluster_6,subcluster_0,and,15819
cluster_6,subcluster_0,government,952
cluster_6,subcluster_0,constitutional,24
cluster_6,subcluster_0,human,157
cluster_6,subcluster_0,detainees,27
cluster_6,subcluster_0,legislation,61
cluster_6,subcluster_0,was,5096
cluster_6,subcluster_0,court,260
cluster_6,subcluster_0,falconer,20
cluster_6,subcluster_0,ruling,64
cluster_6,subcluster_0,without,295
cluster_6,subcluster_0,is,7292
cluster_6,subcluster_0,detentions,7
cluster_6,subcluster_0,or,1441
cluster_6,subcluster_0,manifesto,46
cluster_6,subcluster_0,for,7254
cluster_6,subcluster_0,scarman,7
cluster_6,subcluster_0,he,5031
cluster_6,subcluster_0,that,7225
cluster_6,subcluster_0,charge,101
cluster_6,subcluster_0,woolf,11
cluster_6,subcluster_0,case,242
cluster_6,subcluster_0,as,4253
cluster_6,subcluster_0,carefully,30
cluster_6,subcluster_0,it,6826
cluster_6,subcluster_0,issue,217
cluster_6,subcluster_0,on,5950
cluster_6,subcluster_0,with,4433
cluster_6,subcluster_0,incompatible,11
cluster_6,subcluster_0,inquiry,53
cluster_6,subcluster_0,not,3134
cluster_6,subcluster_0,european,411
cluster_6,subcluster_0,but,3646
cluster_6,subcluster_0,deported,7
cluster_6,subcluster_1,the,43019
cluster_6,subcluster_1,to,20434
cluster_6,subcluster_1,of,16752
cluster_6,subcluster_1,and,15819
cluster_6,subcluster_1,in,14395
cluster_6,subcluster_1,said,6235
cluster_6,subcluster_1,that,7225
cluster_6,subcluster_1,he,5031
cluster_6,subcluster_1,be,4896
cluster_6,subcluster_1,it,6826
cluster_6,subcluster_1,mr,2606
cluster_6,subcluster_1,for,7254
cluster_6,subcluster_1,is,7292
cluster_6,subcluster_1,on,5950
cluster_6,subcluster_1,government,952
cluster_6,subcluster_1,was,5096
cluster_6,subcluster_1,would,2220
cluster_6,subcluster_1,they,2655
cluster_6,subcluster_1,not,3134
cluster_6,subcluster_1,are,3750
cluster_6,subcluster_1,we,2677
cluster_6,subcluster_1,have,3936
cluster_6,subcluster_1,but,3646
cluster_6,subcluster_1,police,218
cluster_6,subcluster_1,had,2174
cluster_6,subcluster_1,will,3560
cluster_6,subcluster_1,by,3671
cluster_6,subcluster_1,as,4253
cluster_6,subcluster_1,there,1671
cluster_6,subcluster_1,were,1902
cluster_6,subcluster_1,people,1775
cluster_6,subcluster_1,with,4433
cluster_6,subcluster_1,should,710
cluster_6,subcluster_1,this,2500
cluster_6,subcluster_1,secretary,212
cluster_6,subcluster_1,bill,221
cluster_6,subcluster_1,been,1990
cluster_6,subcluster_1,has,3688
cluster_6,subcluster_1,law,269
cluster_6,subcluster_1,public,467
cluster_6,subcluster_1,home,480
cluster_6,subcluster_1,from,2856
cluster_6,subcluster_1,at,3595
cluster_6,subcluster_1,who,1762
cluster_6,subcluster_1,an,2287
cluster_6,subcluster_1,which,2252
cluster_6,subcluster_1,minister,420
cluster_6,subcluster_1,could,1273
cluster_6,subcluster_1,asylum,83
cluster_6,subcluster_1,if,1300
cluster_6,subcluster_2,the,43019
cluster_6,subcluster_2,ethnic,27
cluster_6,subcluster_2,minority,28
cluster_6,subcluster_2,to,20434
cluster_6,subcluster_2,of,16752
cluster_6,subcluster_2,and,15819
cluster_6,subcluster_2,lords,87
cluster_6,subcluster_2,minorities,17
cluster_6,subcluster_2,in,14395
cluster_6,subcluster_2,black,124
cluster_6,subcluster_2,mps,123
cluster_6,subcluster_2,spokesman,311
cluster_6,subcluster_2,shortlists,9
cluster_6,subcluster_2,group,390
cluster_6,subcluster_2,origin,15
cluster_6,subcluster_2,said,6235
cluster_6,subcluster_2,on,5950
cluster_6,subcluster_2,mscps,3
cluster_6,subcluster_2,chamber,22
cluster_6,subcluster_2,communities,44
cluster_6,subcluster_2,members,158
cluster_6,subcluster_2,specific,47
cluster_6,subcluster_2,from,2856
cluster_6,subcluster_2,clarke,65
cluster_6,subcluster_2,it,6826
cluster_6,subcluster_2,people,1775
cluster_6,subcluster_2,strategy,62
cluster_6,subcluster_2,population,60
cluster_6,subcluster_2,labour,571
cluster_6,subcluster_2,be,4896
cluster_6,subcluster_2,political,203
cluster_6,subcluster_2,is,7292
cluster_6,subcluster_2,society,97
cluster_6,subcluster_2,education,130
cluster_6,subcluster_2,consensus,17
cluster_6,subcluster_2,draft,23
cluster_6,subcluster_2,thriving,1
cluster_6,subcluster_2,whites,1
cluster_6,subcluster_2,census,1
cluster_6,subcluster_2,specifics,1
cluster_6,subcluster_2,segregation,1
cluster_6,subcluster_2,support,233
cluster_6,subcluster_2,succeed,29
cluster_6,subcluster_2,incidence,2
cluster_6,subcluster_2,bangladeshi,2
cluster_6,subcluster_2,extremism,2
cluster_6,subcluster_2,government,952
cluster_6,subcluster_2,tyler,2
cluster_6,subcluster_2,vishwanathan,2
cluster_6,subcluster_2,hereditaries,2
cluster_7,main,the,43019
cluster_7,main,to,20434
cluster_7,main,mr,2606
cluster_7,main,he,5031
cluster_7,main,of,16752
cluster_7,main,and,15819
cluster_7,main,labour,571
cluster_7,main,in,14395
cluster_7,main,party,456
cluster_7,main,election,444
cluster_7,main,blair,399
cluster_7,main,said,6235
cluster_7,main,brown,340
cluster_7,main,that,7225
cluster_7,main,is,7292
cluster_7,main,his,2277
cluster_7,main,on,5950
cluster_7,main,for,7254
cluster_7,main,was,5096
cluster_7,main,tax,349
cluster_7,main,would,2220
cluster_7,main,prime,249
cluster_7,main,be,4896
cluster_7,main,as,4253
cluster_7,main,howard,271
cluster_7,main,not,3134
cluster_7,main,it,6826
cluster_7,main,chancellor,202
cluster_7,main,minister,420
cluster_7,main,tory,180
cluster_7,main,ukip,113
cluster_7,main,government,952
cluster_7,main,tories,164
cluster_7,main,but,3646
cluster_7,main,they,2655
cluster_7,main,campaign,257
cluster_7,main,will,3560
cluster_7,main,leader,210
cluster_7,main,with,4433
cluster_7,main,have,3936
cluster_7,main,had,2174
cluster_7,main,by,3671
cluster_7,main,we,2677
cluster_7,main,people,1775
cluster_7,main,britain,348
cluster_7,main,are,3750
cluster_7,main,kennedy,101
cluster_7,main,has,3688
cluster_7,main,at,3595
cluster_7,main,lib,120
cluster_7,subcluster_0,forgotten,22
cluster_7,subcluster_0,bureaucratic,6
cluster_7,subcluster_0,the,43019
cluster_7,subcluster_0,taxpayers,16
cluster_7,subcluster_0,britain,348
cluster_7,subcluster_0,spending,222
cluster_7,subcluster_0,plans,348
cluster_7,subcluster_0,taxes,108
cluster_7,subcluster_0,services,366
cluster_7,subcluster_0,majority,103
cluster_7,subcluster_0,hospitals,31
cluster_7,subcluster_0,britains,2
cluster_7,subcluster_0,surgeries,3
cluster_7,subcluster_0,bureaucrats,3
cluster_7,subcluster_0,redwood,3
cluster_7,subcluster_0,cut,203
cluster_7,subcluster_0,to,20434
cluster_7,subcluster_0,quangos,8
cluster_7,subcluster_0,squeezed,9
cluster_7,subcluster_0,whitehall,10
cluster_7,subcluster_0,grip,13
cluster_7,subcluster_0,frontline,13
cluster_7,subcluster_0,reaches,12
cluster_7,subcluster_0,money,377
cluster_7,subcluster_0,announcing,13
cluster_7,subcluster_0,regulation,25
cluster_7,subcluster_0,servants,19
cluster_7,subcluster_0,has,3688
cluster_7,subcluster_0,departments,21
cluster_7,subcluster_0,pledges,21
cluster_7,subcluster_0,of,16752
cluster_7,subcluster_0,efficiency,24
cluster_7,subcluster_0,public,467
cluster_7,subcluster_0,harder,26
cluster_7,subcluster_0,knocked,26
cluster_7,subcluster_0,are,3750
cluster_7,subcluster_0,they,2655
cluster_7,subcluster_0,pensions,62
cluster_7,subcluster_0,direction,41
cluster_7,subcluster_0,and,15819
cluster_7,subcluster_0,labour,571
cluster_7,subcluster_0,broken,53
cluster_7,subcluster_0,creating,57
cluster_7,subcluster_0,interests,56
cluster_7,subcluster_0,paying,59
cluster_7,subcluster_0,improving,58
cluster_7,subcluster_0,said,6235
cluster_7,subcluster_0,cutting,51
cluster_7,subcluster_0,civil,97
cluster_7,subcluster_0,democrats,84
cluster_7,subcluster_1,the,43019
cluster_7,subcluster_1,to,20434
cluster_7,subcluster_1,mr,2606
cluster_7,subcluster_1,of,16752
cluster_7,subcluster_1,he,5031
cluster_7,subcluster_1,and,15819
cluster_7,subcluster_1,labour,571
cluster_7,subcluster_1,in,14395
cluster_7,subcluster_1,party,456
cluster_7,subcluster_1,election,444
cluster_7,subcluster_1,blair,399
cluster_7,subcluster_1,brown,340
cluster_7,subcluster_1,said,6235
cluster_7,subcluster_1,that,7225
cluster_7,subcluster_1,is,7292
cluster_7,subcluster_1,his,2277
cluster_7,subcluster_1,on,5950
cluster_7,subcluster_1,for,7254
cluster_7,subcluster_1,was,5096
cluster_7,subcluster_1,tax,349
cluster_7,subcluster_1,would,2220
cluster_7,subcluster_1,be,4896
cluster_7,subcluster_1,prime,249
cluster_7,subcluster_1,chancellor,202
cluster_7,subcluster_1,it,6826
cluster_7,subcluster_1,as,4253
cluster_7,subcluster_1,not,3134
cluster_7,subcluster_1,howard,271
cluster_7,subcluster_1,minister,420
cluster_7,subcluster_1,ukip,113
cluster_7,subcluster_1,but,3646
cluster_7,subcluster_1,campaign,257
cluster_7,subcluster_1,government,952
cluster_7,subcluster_1,will,3560
cluster_7,subcluster_1,they,2655
cluster_7,subcluster_1,tory,180
cluster_7,subcluster_1,tories,164
cluster_7,subcluster_1,had,2174
cluster_7,subcluster_1,have,3936
cluster_7,subcluster_1,with,4433
cluster_7,subcluster_1,by,3671
cluster_7,subcluster_1,leader,210
cluster_7,subcluster_1,we,2677
cluster_7,subcluster_1,people,1775
cluster_7,subcluster_1,at,3595
cluster_7,subcluster_1,has,3688
cluster_7,subcluster_1,there,1671
cluster_7,subcluster_1,are,3750
cluster_7,subcluster_1,britain,348
cluster_7,subcluster_1,do,1224
cluster_7,subcluster_2,the,43019
cluster_7,subcluster_2,blair,399
cluster_7,subcluster_2,to,20434
cluster_7,subcluster_2,fox,71
cluster_7,subcluster_2,mr,2606
cluster_7,subcluster_2,he,5031
cluster_7,subcluster_2,and,15819
cluster_7,subcluster_2,labour,571
cluster_7,subcluster_2,kennedy,101
cluster_7,subcluster_2,election,444
cluster_7,subcluster_2,tories,164
cluster_7,subcluster_2,tory,180
cluster_7,subcluster_2,prime,249
cluster_7,subcluster_2,ashcroft,8
cluster_7,subcluster_2,lib,120
cluster_7,subcluster_2,visits,11
cluster_7,subcluster_2,speech,101
cluster_7,subcluster_2,of,16752
cluster_7,subcluster_2,is,7292
cluster_7,subcluster_2,minister,420
cluster_7,subcluster_2,as,4253
cluster_7,subcluster_2,lies,26
cluster_7,subcluster_2,party,456
cluster_7,subcluster_2,migrants,9
cluster_7,subcluster_2,not,3134
cluster_7,subcluster_2,said,6235
cluster_7,subcluster_2,dem,64
cluster_7,subcluster_2,dr,136
cluster_7,subcluster_2,howard,271
cluster_7,subcluster_2,in,14395
cluster_7,subcluster_2,are,3750
cluster_7,subcluster_2,that,7225
cluster_7,subcluster_2,on,5950
cluster_7,subcluster_2,mrs,27
cluster_7,subcluster_2,lord,218
cluster_7,subcluster_2,weekend,114
cluster_7,subcluster_2,liberal,151
cluster_7,subcluster_2,democrats,84
cluster_7,subcluster_2,charles,120
cluster_7,subcluster_2,torbay,3
cluster_7,subcluster_2,migration,10
cluster_7,subcluster_2,somerset,4
cluster_7,subcluster_2,basingstoke,4
cluster_7,subcluster_2,shrewsbury,5
cluster_7,subcluster_2,dorset,5
cluster_7,subcluster_2,public,467
cluster_7,subcluster_2,for,7254
cluster_7,subcluster_2,we,2677
cluster_7,subcluster_2,his,2277
cluster_7,subcluster_2,accelerating,7
cluster_8,main,the,43019
cluster_8,main,in,14395
cluster_8,main,of,16752
cluster_8,main,to,20434
cluster_8,main,sales,409
cluster_8,main,and,15819
cluster_8,main,growth,407
cluster_8,main,rates,159
cluster_8,main,said,6235
cluster_8,main,quarter,183
cluster_8,main,rate,199
cluster_8,main,prices,246
cluster_8,main,rise,249
cluster_8,main,market,610
cluster_8,main,year,1506
cluster_8,main,that,7225
cluster_8,main,economy,350
cluster_8,main,spending,222
cluster_8,main,bank,311
cluster_8,main,figures,267
cluster_8,main,housing,66
cluster_8,main,consumer,185
cluster_8,main,by,3671
cluster_8,main,at,3595
cluster_8,main,for,7254
cluster_8,main,december,225
cluster_8,main,is,7292
cluster_8,main,rose,138
cluster_8,main,from,2856
cluster_8,main,interest,237
cluster_8,main,economic,329
cluster_8,main,inflation,72
cluster_8,main,increase,241
cluster_8,main,economist,73
cluster_8,main,fall,140
cluster_8,main,on,5950
cluster_8,main,last,1095
cluster_8,main,uk,799
cluster_8,main,house,219
cluster_8,main,halifax,18
cluster_8,main,annual,124
cluster_8,main,than,1386
cluster_8,main,fell,118
cluster_8,main,it,6826
cluster_8,main,month,281
cluster_8,main,retail,76
cluster_8,main,however,473
cluster_8,main,forecast,62
cluster_8,main,recent,258
cluster_8,main,are,3750
cluster_8,subcluster_0,the,43019
cluster_8,subcluster_0,growth,407
cluster_8,subcluster_0,in,14395
cluster_8,subcluster_0,rates,159
cluster_8,subcluster_0,bdo,6
cluster_8,subcluster_0,to,20434
cluster_8,subcluster_0,consumer,185
cluster_8,subcluster_0,inflation,72
cluster_8,subcluster_0,index,54
cluster_8,subcluster_0,spending,222
cluster_8,subcluster_0,of,16752
cluster_8,subcluster_0,economic,329
cluster_8,subcluster_0,mpc,16
cluster_8,subcluster_0,and,15819
cluster_8,subcluster_0,rate,199
cluster_8,subcluster_0,economy,350
cluster_8,subcluster_0,interest,237
cluster_8,subcluster_0,said,6235
cluster_8,subcluster_0,quarter,183
cluster_8,subcluster_0,increase,241
cluster_8,subcluster_0,at,3595
cluster_8,subcluster_0,economist,73
cluster_8,subcluster_0,that,7225
cluster_8,subcluster_0,noted,20
cluster_8,subcluster_0,output,62
cluster_8,subcluster_0,ppi,7
cluster_8,subcluster_0,gdp,34
cluster_8,subcluster_0,activity,65
cluster_8,subcluster_0,inflationary,8
cluster_8,subcluster_0,year,1506
cluster_8,subcluster_0,is,7292
cluster_8,subcluster_0,bank,311
cluster_8,subcluster_0,for,7254
cluster_8,subcluster_0,however,473
cluster_8,subcluster_0,pressures,23
cluster_8,subcluster_0,sterling,8
cluster_8,subcluster_0,recent,258
cluster_8,subcluster_0,january,235
cluster_8,subcluster_0,reserve,34
cluster_8,subcluster_0,prices,246
cluster_8,subcluster_0,sales,409
cluster_8,subcluster_0,rises,49
cluster_8,subcluster_0,last,1095
cluster_8,subcluster_0,its,1863
cluster_8,subcluster_0,election,444
cluster_8,subcluster_0,rise,249
cluster_8,subcluster_0,than,1386
cluster_8,subcluster_0,probably,100
cluster_8,subcluster_0,general,264
cluster_8,subcluster_0,october,132
cluster_8,subcluster_1,the,43019
cluster_8,subcluster_1,sales,409
cluster_8,subcluster_1,in,14395
cluster_8,subcluster_1,of,16752
cluster_8,subcluster_1,to,20434
cluster_8,subcluster_1,kronor,6
cluster_8,subcluster_1,and,15819
cluster_8,subcluster_1,rupees,26
cluster_8,subcluster_1,december,225
cluster_8,subcluster_1,brc,6
cluster_8,subcluster_1,profit,80
cluster_8,subcluster_1,retail,76
cluster_8,subcluster_1,said,6235
cluster_8,subcluster_1,quarter,183
cluster_8,subcluster_1,registry,6
cluster_8,subcluster_1,rise,249
cluster_8,subcluster_1,figures,267
cluster_8,subcluster_1,by,3671
cluster_8,subcluster_1,stores,39
cluster_8,subcluster_1,halifax,18
cluster_8,subcluster_1,retailers,34
cluster_8,subcluster_1,reddy,14
cluster_8,subcluster_1,prices,246
cluster_8,subcluster_1,month,281
cluster_8,subcluster_1,car,115
cluster_8,subcluster_1,rose,138
cluster_8,subcluster_1,ford,21
cluster_8,subcluster_1,christmas,125
cluster_8,subcluster_1,year,1506
cluster_8,subcluster_1,from,2856
cluster_8,subcluster_1,market,610
cluster_8,subcluster_1,land,55
cluster_8,subcluster_1,maruti,2
cluster_8,subcluster_1,for,7254
cluster_8,subcluster_1,growth,407
cluster_8,subcluster_1,indian,84
cluster_8,subcluster_1,that,7225
cluster_8,subcluster_1,compared,115
cluster_8,subcluster_1,worst,51
cluster_8,subcluster_1,utility,12
cluster_8,subcluster_1,company,599
cluster_8,subcluster_1,wipro,6
cluster_8,subcluster_1,spending,222
cluster_8,subcluster_1,fell,118
cluster_8,subcluster_1,business,555
cluster_8,subcluster_1,ericsson,24
cluster_8,subcluster_1,house,219
cluster_8,subcluster_1,profits,131
cluster_8,subcluster_1,were,1902
cluster_8,subcluster_1,slowdown,38
cluster_8,subcluster_2,the,43019
cluster_8,subcluster_2,in,14395
cluster_8,subcluster_2,of,16752
cluster_8,subcluster_2,to,20434
cluster_8,subcluster_2,housing,66
cluster_8,subcluster_2,market,610
cluster_8,subcluster_2,rates,159
cluster_8,subcluster_2,rate,199
cluster_8,subcluster_2,prices,246
cluster_8,subcluster_2,and,15819
cluster_8,subcluster_2,economy,350
cluster_8,subcluster_2,rise,249
cluster_8,subcluster_2,growth,407
cluster_8,subcluster_2,bank,311
cluster_8,subcluster_2,said,6235
cluster_8,subcluster_2,quarter,183
cluster_8,subcluster_2,that,7225
cluster_8,subcluster_2,figures,267
cluster_8,subcluster_2,year,1506
cluster_8,subcluster_2,rose,138
cluster_8,subcluster_2,by,3671
cluster_8,subcluster_2,is,7292
cluster_8,subcluster_2,economists,40
cluster_8,subcluster_2,from,2856
cluster_8,subcluster_2,mortgage,51
cluster_8,subcluster_2,fall,140
cluster_8,subcluster_2,at,3595
cluster_8,subcluster_2,for,7254
cluster_8,subcluster_2,manufacturing,70
cluster_8,subcluster_2,annual,124
cluster_8,subcluster_2,november,158
cluster_8,subcluster_2,consumer,185
cluster_8,subcluster_2,house,219
cluster_8,subcluster_2,uk,799
cluster_8,subcluster_2,spending,222
cluster_8,subcluster_2,on,5950
cluster_8,subcluster_2,interest,237
cluster_8,subcluster_2,ons,23
cluster_8,subcluster_2,forecast,62
cluster_8,subcluster_2,price,193
cluster_8,subcluster_2,economic,329
cluster_8,subcluster_2,more,2018
cluster_8,subcluster_2,remains,114
cluster_8,subcluster_2,economist,73
cluster_8,subcluster_2,it,6826
cluster_8,subcluster_2,slowdown,38
cluster_8,subcluster_2,fell,118
cluster_8,subcluster_2,sales,409
cluster_8,subcluster_2,drop,67
cluster_8,subcluster_2,last,1095
cluster_9,main,the,43019
cluster_9,main,and,15819
cluster_9,main,in,14395
cluster_9,main,of,16752
cluster_9,main,film,654
cluster_9,main,to,20434
cluster_9,main,best,742
cluster_9,main,for,7254
cluster_9,main,was,5096
cluster_9,main,award,217
cluster_9,main,awards,206
cluster_9,main,on,5950
cluster_9,main,with,4433
cluster_9,main,it,6826
cluster_9,main,his,2277
cluster_9,main,at,3595
cluster_9,main,he,5031
cluster_9,main,album,159
cluster_9,main,is,7292
cluster_9,main,as,4253
cluster_9,main,band,179
cluster_9,main,number,604
cluster_9,main,year,1506
cluster_9,main,music,731
cluster_9,main,by,3671
cluster_9,main,her,606
cluster_9,main,films,220
cluster_9,main,festival,121
cluster_9,main,said,6235
cluster_9,main,who,1762
cluster_9,main,actor,149
cluster_9,main,won,397
cluster_9,main,which,2252
cluster_9,main,will,3560
cluster_9,main,comedy,97
cluster_9,main,show,449
cluster_9,main,has,3688
cluster_9,main,us,1460
cluster_9,main,top,414
cluster_9,main,oscar,90
cluster_9,main,be,4896
cluster_9,main,from,2856
cluster_9,main,also,1866
cluster_9,main,actress,118
cluster_9,main,are,3750
cluster_9,main,director,353
cluster_9,main,one,1482
cluster_9,main,ceremony,84
cluster_9,main,chart,75
cluster_9,main,nominations,82
cluster_9,subcluster_0,bowl,20
cluster_9,subcluster_0,the,43019
cluster_9,subcluster_0,super,43
cluster_9,subcluster_0,eyed,10
cluster_9,subcluster_0,peas,10
cluster_9,subcluster_0,show,449
cluster_9,subcluster_0,black,124
cluster_9,subcluster_0,to,20434
cluster_9,subcluster_0,keys,28
cluster_9,subcluster_0,and,15819
cluster_9,subcluster_0,performed,45
cluster_9,subcluster_0,jackson,57
cluster_9,subcluster_0,jacket,7
cluster_9,subcluster_0,organisers,30
cluster_9,subcluster_0,entertainment,218
cluster_9,subcluster_0,his,2277
cluster_9,subcluster_0,janet,11
cluster_9,subcluster_0,he,5031
cluster_9,subcluster_0,in,14395
cluster_9,subcluster_0,alicia,24
cluster_9,subcluster_0,green,65
cluster_9,subcluster_0,singer,96
cluster_9,subcluster_0,year,1506
cluster_9,subcluster_0,watched,23
cluster_9,subcluster_0,by,3671
cluster_9,subcluster_0,hey,6
cluster_9,subcluster_0,perform,36
cluster_9,subcluster_0,missy,3
cluster_9,subcluster_0,as,4253
cluster_9,subcluster_0,video,295
cluster_9,subcluster_0,nothing,146
cluster_9,subcluster_0,florida,14
cluster_9,subcluster_0,higgins,4
cluster_9,subcluster_0,slot,14
cluster_9,subcluster_0,performance,178
cluster_9,subcluster_0,best,742
cluster_9,subcluster_0,fined,15
cluster_9,subcluster_0,tv,390
cluster_9,subcluster_0,goodrem,6
cluster_9,subcluster_0,her,606
cluster_9,subcluster_0,osbourne,18
cluster_9,subcluster_0,sir,128
cluster_9,subcluster_0,paul,113
cluster_9,subcluster_0,this,2500
cluster_9,subcluster_0,for,7254
cluster_9,subcluster_0,version,160
cluster_9,subcluster_0,day,316
cluster_9,subcluster_0,music,731
cluster_9,subcluster_0,gloria,2
cluster_9,subcluster_0,fergie,2
cluster_9,subcluster_1,the,43019
cluster_9,subcluster_1,film,654
cluster_9,subcluster_1,in,14395
cluster_9,subcluster_1,and,15819
cluster_9,subcluster_1,darin,7
cluster_9,subcluster_1,of,16752
cluster_9,subcluster_1,schrader,5
cluster_9,subcluster_1,bollywood,23
cluster_9,subcluster_1,died,66
cluster_9,subcluster_1,festival,121
cluster_9,subcluster_1,premiere,14
cluster_9,subcluster_1,gim,4
cluster_9,subcluster_1,stars,96
cluster_9,subcluster_1,friends,74
cluster_9,subcluster_1,comedy,97
cluster_9,subcluster_1,has,3688
cluster_9,subcluster_1,films,220
cluster_9,subcluster_1,on,5950
cluster_9,subcluster_1,theatre,70
cluster_9,subcluster_1,spacey,8
cluster_9,subcluster_1,bobby,9
cluster_9,subcluster_1,actors,37
cluster_9,subcluster_1,harlin,3
cluster_9,subcluster_1,skarsgard,3
cluster_9,subcluster_1,to,20434
cluster_9,subcluster_1,role,219
cluster_9,subcluster_1,keaveney,2
cluster_9,subcluster_1,kisna,6
cluster_9,subcluster_1,she,948
cluster_9,subcluster_1,british,412
cluster_9,subcluster_1,arquette,2
cluster_9,subcluster_1,hbo,2
cluster_9,subcluster_1,me,401
cluster_9,subcluster_1,as,4253
cluster_9,subcluster_1,was,5096
cluster_9,subcluster_1,actress,118
cluster_9,subcluster_1,who,1762
cluster_9,subcluster_1,stage,112
cluster_9,subcluster_1,joey,4
cluster_9,subcluster_1,drama,63
cluster_9,subcluster_1,musical,74
cluster_9,subcluster_1,director,353
cluster_9,subcluster_1,played,231
cluster_9,subcluster_1,for,7254
cluster_9,subcluster_1,wallace,9
cluster_9,subcluster_1,tolkien,2
cluster_9,subcluster_1,bernath,5
cluster_9,subcluster_1,canada,36
cluster_9,subcluster_1,directed,46
cluster_9,subcluster_1,will,3560
cluster_9,subcluster_2,the,43019
cluster_9,subcluster_2,and,15819
cluster_9,subcluster_2,in,14395
cluster_9,subcluster_2,of,16752
cluster_9,subcluster_2,film,654
cluster_9,subcluster_2,to,20434
cluster_9,subcluster_2,best,742
cluster_9,subcluster_2,for,7254
cluster_9,subcluster_2,was,5096
cluster_9,subcluster_2,award,217
cluster_9,subcluster_2,awards,206
cluster_9,subcluster_2,on,5950
cluster_9,subcluster_2,with,4433
cluster_9,subcluster_2,it,6826
cluster_9,subcluster_2,album,159
cluster_9,subcluster_2,at,3595
cluster_9,subcluster_2,his,2277
cluster_9,subcluster_2,he,5031
cluster_9,subcluster_2,is,7292
cluster_9,subcluster_2,band,179
cluster_9,subcluster_2,number,604
cluster_9,subcluster_2,as,4253
cluster_9,subcluster_2,year,1506
cluster_9,subcluster_2,music,731
cluster_9,subcluster_2,her,606
cluster_9,subcluster_2,by,3671
cluster_9,subcluster_2,actor,149
cluster_9,subcluster_2,films,220
cluster_9,subcluster_2,said,6235
cluster_9,subcluster_2,won,397
cluster_9,subcluster_2,who,1762
cluster_9,subcluster_2,festival,121
cluster_9,subcluster_2,which,2252
cluster_9,subcluster_2,will,3560
cluster_9,subcluster_2,comedy,97
cluster_9,subcluster_2,oscar,90
cluster_9,subcluster_2,us,1460
cluster_9,subcluster_2,top,414
cluster_9,subcluster_2,has,3688
cluster_9,subcluster_2,from,2856
cluster_9,subcluster_2,one,1482
cluster_9,subcluster_2,be,4896
cluster_9,subcluster_2,also,1866
cluster_9,subcluster_2,actress,118
cluster_9,subcluster_2,are,3750
cluster_9,subcluster_2,chart,75
cluster_9,subcluster_2,show,449
cluster_9,subcluster_2,nominations,82
cluster_9,subcluster_2,director,353
cluster_9,subcluster_2,ceremony,84
